EthnicGroup,coverage_rate
Asian,0.8622684771999881
Black,0.8708736112434844
Mixed,0.8003088653804862
White,0.6807568881720278
Other,0.8530242404101258
